Date,Volume,GSE-CI,Market Cap (GH¢ m),GSE-FSI
7/17/2023,25939,2862.27,70837.53,1687.49
7/18/2023,47926,2861.47,70828.83,1685.98
7/19/2023,19327,2861.29,70826.88,1685.64
7/20/2023,296703,2860.97,70823.4,1685.04
7/21/2023,41661,2870.72,70929.41,1703.43
7/24/2023,3118460,2870.72,70929.41,1703.43
7/25/2023,143913,2921.72,71483.92,1707.78
7/26/2023,1575392,2932.35,71599.45,1715.17
7/27/2023,12287,2932.76,71603.92,1715.17
7/28/2023,47928,2969.69,71998.81,1715.17
7/31/2023,151593,2976.77,72075.71,1715.17
8/1/2023,5078607,3122.86,73664.05,1715.17
8/2/2023,423341,3122.86,73664.05,1715.17
8/3/2023,179136,3127.43,73713.69,1723.78
8/7/2023,45342,3115.25,73581.33,1723.78
8/8/2023,39512,3103.08,73448.97,1723.78
8/9/2023,41657,3105.52,73475.47,1728.38
8/10/2023,43111,3105.52,73475.47,1728.38
8/11/2023,1065830,3050.73,72879.79,1693.11
8/14/2023,178299,2710.06,67950.76,1806.67
8/15/2023,221334,3058.98,72969.48,1687.51
8/16/2023,46197,3061.81,73000.28,1669.26
8/17/2023,83177260,3066.2,73048.05,1677.55
8/18/2023,287571,3061.68,72998.84,1677.55
8/21/2023,88963,3061.8,73000.19,1677.78
8/22/2023,169611,3064.4,73028.49,1682.69
8/23/2023,63250,3062.02,73002.63,1681.61
8/24/2023,39611,3049.56,72867.16,1658.1
8/25/2023,409048,3069.32,73081.94,1695.37
8/28/2023,55596,3069.03,73078.84,1696.19
8/29/2023,111315,3074.26,73135.6,1697.42
8/30/2023,129663,3099.49,73410.0,1745.04
8/31/2023,1095574,3084.79,73250.18,1756.12
9/1/2023,252135,3051.37,72886.84,1756.12
9/4/2023,28216528,3052.08,72894.52,1755.03
9/5/2023,48931,3053.68,72911.95,1755.03
9/6/2023,84240,3064.23,73026.58,1755.03
9/7/2023,4030900,3069.8,73087.16,1764.64
9/8/2023,306143,3071.83,73109.24,1764.64
9/11/2023,5755835,3095.4,73365.48,1780.78
9/12/2023,107834,3111.01,73535.18,1790.11
9/13/2023,404052,3113.79,73569.74,1790.11
9/14/2023,684079,3148.47,73929.74,1855.55
9/15/2023,590544,3158.79,74041.92,1866.08
9/18/2023,77765,3159.77,74052.56,1864.7
9/19/2023,71335,3165.0,74109.46,1874.77
9/20/2023,48818,3168.35,74145.84,1881.49
9/22/2023,11239502,3168.24,74144.68,1881.49
9/25/2023,173055,3166.51,74125.88,1878.23
9/26/2023,206128,3166.04,74120.8,1878.23
9/27/2023,289860,3166.42,74124.84,1878.93
9/28/2023,50505,3172.35,74189.35,1890.13
9/29/2023,5025099,3172.35,74189.35,1890.13
10/2/2023,4671214,3160.18,74112.64,1914.2
10/3/2023,55145,3172.93,74251.34,1914.2
10/4/2023,1191457,3135.3,73842.16,1935.07
10/5/2023,290999,3137.03,73860.96,1938.33
10/6/2023,175759,3139.99,73893.22,1943.93
10/9/2023,20544,3136.86,73859.14,1938.01
10/10/2023,350940,3141.66,73911.32,1947.07
10/11/2023,26476,3141.18,73906.13,1947.53
10/12/2023,9379,3141.18,73906.13,1947.53
10/13/2023,391263,3145.33,73951.27,1953.13
10/16/2023,51545,3145.09,73948.62,1952.67
10/17/2023,62565,3144.44,73941.52,1951.44
10/18/2023,180540,3120.12,73677.15,1951.44
10/19/2023,103406,3126.05,73741.66,1962.63
10/20/2023,175249,3126.05,73741.66,1962.63
10/23/2023,42929,3126.05,73741.66,1962.63
10/24/2023,296459,3131.99,73806.17,1973.83
10/25/2023,93389,3131.99,73806.17,1973.83
10/26/2023,337343,3134.93,73838.18,1973.83
10/27/2023,3137698,3125.72,73738.08,1979.43
10/30/2023,127880,3125.72,73738.08,1979.43
10/31/2023,76968,3125.62,73736.96,1979.43
11/1/2023,83094,3128.5,73768.29,1984.86
11/2/2023,60265,3131.47,73800.54,1990.46
11/3/2023,99834,3137.4,73865.05,2001.66
11/6/2023,212605,3149.37,73995.19,2024.05
11/7/2023,605493,3134.89,73837.77,2019.7
11/8/2023,18817,3147.07,73970.13,2019.7
11/9/2023,66406,3195.46,74496.24,2042.09
11/10/2023,15256,3195.46,74496.24,2042.09
11/13/2023,91430,3195.46,74496.24,2042.09
11/14/2023,58617,3195.46,74496.24,2042.09
11/15/2023,93115,3195.46,74496.24,2042.09
11/16/2023,34143,3195.46,74496.24,2042.09
11/17/2023,145144,3195.57,74497.4,2042.09
11/20/2023,6608,3195.57,74497.4,2042.09
11/21/2023,2274227,3195.57,74497.4,2042.09
11/22/2023,141684,3195.57,74497.4,2042.09
11/23/2023,2241613,3195.62,74498.02,2042.09
11/24/2023,71964765,3195.62,74498.02,2042.09
11/27/2023,100179,3171.7,74237.94,1996.95
11/28/2023,92555,3171.7,74237.94,1996.95
11/29/2023,114775,3169.9,74234.27,1996.95
11/30/2023,53193675,3169.9,74234.27,1996.95
12/4/2023,23036,3149.13,74008.48,1957.77
12/5/2023,131441,3148.82,74005.06,1957.17
12/6/2023,9425176,3146.44,73979.26,1952.58
12/7/2023,1039034,3128.8,73787.47,1918.99
12/8/2023,3150866,3130.6,73807.06,1918.99
12/11/2023,187785,3130.6,73807.06,1918.99
12/12/2023,42507,3130.6,73807.06,1918.99
12/13/2023,25362,3130.6,73807.06,1918.99
12/14/2023,343890,3124.88,73744.88,1907.79
12/15/2023,2359960,3063.44,73076.8,1906.71
12/18/2023,22133,3063.44,73164.34,1906.71
12/19/2023,849701,3069.26,73227.67,1905.62
12/20/2023,2243696,3129.56,73885.8,1904.53
12/21/2023,672349,3130.23,73893.17,1901.57
12/22/2023,1886941,3130.23,73893.17,1901.57
12/27/2023,964124,3130.23,73893.17,1901.57
12/28/2023,11475,3130.23,73893.17,1901.57
12/29/2023,89488,3130.23,73893.17,1901.57
1/2/2024,26314,3130.23,73893.17,1901.57
1/3/2024,395376,3130.23,73893.17,1901.57
1/4/2024,4014455,3128.92,73878.9,1901.57
1/5/2024,1327022,3128.86,73878.2,1901.57
1/9/2024,82735,3128.86,73878.2,1901.57
1/10/2024,393618,3128.17,73870.71,1900.46
1/11/2024,126718,3128.47,73873.93,1901.01
1/12/2024,16810356,3127.31,73920.85,1898.84
1/15/2024,255686,3126.74,73916.61,1897.75
1/16/2024,687443,3126.74,73916.61,1897.75
1/17/2024,3650860,3144.0,74104.3,1906.81
1/18/2024,42958,3144.0,74108.2,1906.81
1/19/2024,1065210,3154.48,74222.16,1907.37
1/22/2024,332613,3161.36,74296.89,1910.63
1/23/2024,235492,3172.67,74419.93,1910.63
1/24/2024,26907,3172.67,74419.93,1910.63
1/25/2024,76949,3172.43,74417.23,1910.16
1/26/2024,35235,3172.43,74417.23,1910.16
1/29/2024,199285,3172.43,74416.27,1910.16
1/30/2024,83570,3172.43,74416.27,1910.16
1/31/2024,1959116,3172.43,74416.27,1910.16
2/1/2024,25340,3172.43,74449.35,1910.16
2/2/2024,462627,3172.43,74449.35,1910.16
2/5/2024,338896,3178.69,74517.51,1912.34
2/6/2024,341145,3177.54,74504.98,1910.16
2/7/2024,2817300,3177.54,74505.43,1910.16
2/8/2024,82562,3177.76,74507.85,1910.16
2/9/2024,268738,3177.76,74507.85,1910.16
2/12/2024,221375,3177.53,74505.31,1910.16
2/13/2024,380470,3177.5,74504.96,1910.16
2/14/2024,206632,3177.5,74504.96,1910.16
2/15/2024,7056736,3178.65,74517.49,1912.34
2/16/2024,48829,3185.57,74758.17,1925.39
2/19/2024,36807,3191.17,74819.05,1935.95
2/20/2024,233142,3191.4,74821.59,1935.95
2/21/2024,75681,3191.4,74821.59,1935.95
2/22/2024,326397,3184.64,74600.3,1922.9
2/23/2024,61840,3185.18,74606.11,1922.9
2/26/2024,25598,3185.18,74606.11,1922.9
2/27/2024,322009,3190.22,74660.92,1922.9
2/28/2024,66868,3215.68,74937.75,1993.92
2/29/2024,1032568,3227.85,75070.11,1993.92
3/1/2024,2419483,3278.04,75615.69,1996.71
3/4/2024,247770,3302.38,75927.97,1996.71
3/5/2024,67322,3305.35,75960.22,2002.31
3/7/2024,729142,3305.35,75960.22,2002.31
3/8/2024,85834,3341.88,76357.31,2002.31
3/11/2024,3235998,3354.54,76494.97,2003.23
3/12/2024,9091683,3351.04,76456.91,1997.63
3/13/2024,183305769,3349.78,76443.21,1995.46
3/14/2024,20282,3351.21,76458.84,1995.46
3/15/2024,7285,3355.93,76510.09,1995.46
3/18/2024,6073542,3416.22,77165.63,1994.37
3/19/2024,53239,3428.4,77297.99,1994.37
3/20/2024,84920,3440.57,77469.07,1994.37
3/21/2024,382708,3538.21,78530.61,1994.83
3/22/2024,176560,3537.79,78531.62,1994.83
3/25/2024,25166,3537.21,78525.35,1993.74
3/26/2024,469176,3476.45,77864.8,1993.74
3/27/2024,1985860,3456.2,77688.44,2001.47
3/28/2024,268580,3456.2,77701.17,2001.47
4/2/2024,122471,3461.81,77804.22,2012.05
4/3/2024,151746,3464.13,77855.5,2014.81
4/4/2024,72309,3464.13,77860.67,2014.81
4/5/2024,145307,3451.96,77732.55,2014.81
4/8/2024,6215275,3439.21,77609.58,2013.72
4/9/2024,82346,3439.21,77625.07,2013.72
4/10/2024,125419,3439.21,77616.08,2013.72
4/12/2024,68460,3441.65,77670.42,2018.32
4/15/2024,7472961,3504.23,78339.25,2044.52
4/16/2024,6968088,3504.34,78340.37,2044.52
4/17/2024,8749923,3504.34,78340.37,2044.52
4/18/2024,24308,3504.34,78354.15,2044.52
4/19/2024,567265,3504.34,78351.54,2044.52
4/22/2024,558,3504.34,78337.47,2044.52
4/23/2024,1952704,3504.34,78304.99,2044.52
4/24/2024,366219,3504.34,78311.37,2044.52
4/25/2024,1682091,3503.76,78305.1,2043.44
4/26/2024,138778,3504.25,78327.8,2044.36
4/29/2024,28741,3553.17,78859.69,2044.36
4/30/2024,29716,3687.09,80315.67,2044.36
5/2/2024,359880,3686.93,80306.68,2044.36
5/3/2024,574247,3650.41,79908.14,2044.36
5/6/2024,1647140,3648.5,79896.09,2040.76
5/7/2024,2465777,3648.5,79896.09,2040.76
5/8/2024,123723,3648.5,79928.57,2040.76
5/9/2024,41906,3648.5,79925.0,2040.76
5/10/2024,28870,3646.54,79941.42,2037.06
5/13/2024,190781463,3683.48,83201.53,2037.06
5/14/2024,116467,3744.35,83852.32,2037.06
5/15/2024,31330041,3744.35,83852.32,2037.06
5/16/2024,67294,3732.91,83754.58,2038.44
5/17/2024,2574274,3744.97,83885.2,2038.44
5/20/2024,228292,3744.97,83885.2,2038.44
5/21/2024,9095535,3744.97,83900.43,2038.44
5/22/2024,104402880,3751.07,83941.19,2049.94
5/23/2024,3223842,3751.07,83936.95,2049.94
5/24/2024,36928,3751.07,83930.57,2049.94
5/27/2024,21230,3751.1,83930.92,2049.94
5/28/2024,111415,3751.72,83964.02,2049.94
5/29/2024,1606085,3752.23,83969.62,2049.94
5/30/2024,832341,3753.69,84016.55,2052.7
5/31/2024,13672,3753.69,84016.55,2052.7
6/3/2024,149068,3757.59,84072.15,2060.06
6/4/2024,276524,3764.3,84145.07,2070.06
6/5/2024,43822,3772.1,84229.87,2084.77
6/6/2024,109556,3772.1,84201.62,2084.77
6/7/2024,630597,3772.1,84201.62,2084.77
6/10/2024,649679,3772.23,84202.97,2085.01
6/11/2024,576083,3773.52,84217.02,2086.24
6/12/2024,128977,3773.52,84341.68,2086.24
6/13/2024,129156,3773.52,84341.68,2086.24
6/14/2024,480156,3767.27,84287.53,2097.73
6/18/2024,44944,3769.3,84309.61,2097.73
6/19/2024,95190,3776.2,84384.61,2097.73
6/20/2024,79322,3788.84,84532.14,2097.73
6/21/2024,590178,3788.84,84537.22,2097.73
6/24/2024,199758,3798.01,84636.94,2115.04
6/25/2024,35067880,3798.01,84635.46,2115.04
6/26/2024,414246,3829.58,85095.65,2115.04
6/27/2024,34309,3829.61,85096.0,2115.04
6/28/2024,47467,3829.61,85096.58,2115.04
7/1/2024,33004,3829.61,85102.89,2115.04
7/2/2024,3118716,3878.31,85773.84,2115.04
7/3/2024,1892839,3883.24,85828.78,2108.22
7/4/2024,2264612,3895.42,86223.68,2108.22
7/5/2024,7337389,3950.49,86900.38,2102.39
7/8/2024,296679,3947.36,87209.36,2096.53
7/9/2024,310063,3945.8,87322.2,2093.6
7/10/2024,739375,3956.81,87442.4,2088.62
7/11/2024,509473,3958.86,87476.83,2087.74
7/12/2024,619945,4086.54,88877.1,2083.94
7/15/2024,24036,4086.54,88886.03,2083.94
7/16/2024,80264,4085.76,88885.31,2082.47
7/17/2024,5518463,4195.72,90085.11,2083.94
7/18/2024,91996,4195.72,90085.11,2083.94
7/19/2024,20879819,4320.07,91447.34,2089.63
7/22/2024,404016,4356.46,91861.87,2089.63
7/23/2024,128279,4380.63,92125.53,2090.51
7/24/2024,145163,4405.2,92395.85,2090.8
7/25/2024,47983,4465.14,93025.52,2093.44
7/26/2024,967278,4490.18,93307.4,2094.9
7/29/2024,316510,4490.18,93307.4,2094.9
7/30/2024,34660,4490.8,93314.14,2096.06
7/31/2024,59376,4493.92,93348.22,2101.9
8/1/2024,76643,4603.16,94540.17,2101.9
8/2/2024,247968,4586.28,94355.99,2115.52
8/6/2024,206362,4513.5,93569.71,2115.52
8/7/2024,55020,4452.88,92908.25,2115.52
8/8/2024,194768,4440.74,92784.12,2115.52
8/9/2024,122735,4440.78,92784.46,2115.52
8/12/2024,603354,4453.74,92934.01,2115.52
8/13/2024,77028,4457.93,92979.63,2115.52
8/14/2024,21890,4457.93,92979.63,2115.52
8/15/2024,17097758,4462.45,93016.58,2118.45
8/16/2024,83621,4440.53,92777.41,2122.83
8/19/2024,38204,4404.32,92390.85,2123.17
8/20/2024,76324,4353.38,91863.15,2118.06
8/21/2024,64934,4353.38,91863.15,2118.06
8/22/2024,327331,4353.38,91863.15,2118.06
8/23/2024,1487067,4353.38,91854.74,2118.06
8/26/2024,38946,4353.38,91869.82,2118.06
8/27/2024,77834,4353.38,91967.59,2118.06
8/28/2024,73527,4353.79,91971.92,2118.06
8/29/2024,201090,4353.79,91978.53,2118.06
8/30/2024,1155073,4359.85,92041.99,2118.06
9/2/2024,1367354,4348.0,91912.28,2118.52
9/3/2024,1849303,4348.0,91912.11,2118.52
9/4/2024,461812,4348.0,91912.11,2118.52
9/5/2024,402247,4348.0,91930.38,2118.52
9/6/2024,62938,4337.92,91832.28,2118.52
9/9/2024,1103377,4337.17,91803.87,2117.13
9/10/2024,1203424,4337.17,91821.94,2117.13
9/11/2024,583179,4361.44,92086.66,2117.13
9/12/2024,112551,4362.07,92095.07,2117.13
9/13/2024,179677,4373.03,92380.09,2137.31
9/16/2024,5221997,4494.34,93731.26,2137.31
9/17/2024,261970,4503.17,93993.14,2153.83
9/18/2024,71968,4442.52,93331.33,2153.83
9/19/2024,350389,4381.86,92663.02,2153.83
9/20/2024,130204,4381.86,92663.02,2153.83
9/24/2024,39395,4406.56,92932.54,2200.01
9/25/2024,265103532,4406.56,99556.18,2200.01
9/26/2024,1340120,4395.9,99423.82,2200.01
9/27/2024,212601,4380.1,99234.23,2190.37
9/30/2024,363583,4369.44,99101.87,2190.37
10/1/2024,118288,4369.44,99095.04,2190.37
10/2/2024,97808,4375.49,99335.72,2198.88
10/3/2024,2653969,4364.83,99201.33,2198.88
10/4/2024,1407290,4364.83,99201.33,2198.88
10/7/2024,53209,4354.16,99068.96,2198.88
10/8/2024,475994,4354.16,99068.96,2198.88
10/9/2024,85325,4354.16,99058.76,2198.88
10/10/2024,225996,4343.5,98933.37,2198.88
10/11/2024,274087,4346.7,98964.42,2203.38
10/14/2024,58603,4347.47,98973.94,2203.38
10/15/2024,53049,4347.47,98973.94,2203.38
10/16/2024,1127926,4347.47,98973.94,2203.38
10/17/2024,188471,4347.47,99047.8,2203.38
10/18/2024,27185,4347.47,99054.59,2203.38
10/21/2024,21351,4358.13,99193.3,2203.38
10/22/2024,435027,4360.51,99223.45,2206.71
10/23/2024,159038,4368.8,99502.08,2215.22
10/24/2024,65170,4368.8,99492.22,2215.22
10/25/2024,121224,4369.03,99493.22,2215.22
10/28/2024,148923,4369.03,99504.65,2215.22
10/29/2024,2109041,4316.7,98902.59,2215.22
10/30/2024,37276,4326.74,99247.74,2228.94
10/31/2024,202998,4385.94,100150.22,2237.45
11/1/2024,3422353,4529.3,101938.1,2239.89
11/4/2024,1094439,4542.03,102066.72,2242.34
11/5/2024,404322,4556.76,102583.43,2263.03
11/6/2024,425012,4557.63,102594.31,2264.25
11/7/2024,174846,4610.96,103207.02,2264.25
11/8/2024,380282,4629.1,103763.0,2289.72
11/11/2024,708324,4611.66,103520.36,2295.17
11/12/2024,471466,4617.91,103763.48,2303.95
11/13/2024,67525,4616.17,103712.0,2301.5
11/14/2024,31870,4648.16,104073.59,2301.5
11/18/2024,427667,4653.69,104315.07,2324.24
11/19/2024,290834,4653.69,104315.07,2324.24
11/20/2024,281671,4654.43,104324.17,2325.27
11/21/2024,164397,4654.69,104360.66,2325.64
11/22/2024,87834,4665.35,104498.82,2325.64
11/25/2024,602289,4677.65,108034.81,2342.65
11/26/2024,63102,4677.65,107995.81,2342.65
11/27/2024,30668,4694.37,108368.85,2351.16
11/28/2024,19640,4694.37,108368.85,2351.16
11/29/2024,58948,4694.37,108368.85,2351.16
12/2/2024,920914,4694.37,108336.66,2351.16
12/3/2024,371333,4705.04,108473.05,2351.16
12/4/2024,7812,4726.37,108737.77,2351.16
12/5/2024,15213036,4738.49,109219.13,2368.17
12/9/2024,404433,4706.49,108788.6,2368.17
12/10/2024,3774871,4706.8,108792.52,2368.61
12/11/2024,199547,4708.05,108808.0,2370.11
12/12/2024,606956,4722.95,109029.43,2370.11
12/13/2024,52259,4733.62,109159.51,2370.11
12/16/2024,195641,4733.62,109159.51,2370.11
12/17/2024,7121529,4808.27,110091.52,2370.11
12/18/2024,2293605,4809.63,110121.87,2370.11
12/19/2024,2235721,4810.08,110153.34,2370.11
12/20/2024,4392794,4854.04,110698.9,2371.93
12/23/2024,1230846,4888.53,111393.47,2380.79
12/24/2024,14270,4888.53,111393.47,2380.79
12/27/2024,73288,4888.53,111365.31,2380.79
12/30/2024,262870,4888.53,111356.09,2380.79
12/31/2024,95074,4888.53,111356.09,2380.79
1/2/2025,79095,4888.53,111360.15,2380.79
1/3/2025,704976,4890.27,111381.79,2383.24
1/6/2025,184194,4890.27,111404.7,2383.24
1/8/2025,65110,4900.94,111539.56,2383.24
1/9/2025,126813,4900.94,111547.1,2383.24
1/10/2025,91121,4902.87,111736.66,2385.96
1/13/2025,96421,4945.54,112272.49,2385.96
1/14/2025,1777340,4999.72,112945.35,2387.16
1/15/2025,117266,5002.17,113009.4,2388.38
1/16/2025,1199793,5055.49,113641.51,2388.38
1/17/2025,1117245,5057.2,113671.55,2388.38
1/20/2025,130147,5057.2,113713.57,2388.38
1/21/2025,382100,5057.75,113750.79,2388.38
1/22/2025,6629630,5075.92,114500.38,2413.9
1/23/2025,152900,5075.92,114433.97,2413.9
1/24/2025,247703,5076.55,114443.25,2413.9
1/27/2025,155568,5083.84,114530.89,2424.14
1/28/2025,2321930,5149.28,115656.95,2441.15
1/29/2025,203527,5151.76,115689.33,2441.15
1/30/2025,160185,5227.7,117148.99,2472.89
1/31/2025,168483,5229.44,117170.63,2475.34
2/3/2025,483839,5227.53,117149.27,2472.66
2/4/2025,996281,5220.77,117058.28,2463.17
2/5/2025,266589,5232.89,117561.39,2480.18
2/6/2025,408920,5232.89,117554.43,2480.18
2/7/2025,142036,5245.36,118049.65,2497.19
2/10/2025,449226,5267.19,118335.48,2527.84
2/11/2025,166172,5277.85,118467.84,2527.84
2/12/2025,139005,5277.85,118448.7,2527.84
2/13/2025,130990,5296.34,119192.49,2553.8
2/14/2025,600391,5351.34,119884.61,2567.22
2/17/2025,1138499,5369.51,120598.76,2567.22
2/18/2025,199085,5412.62,121964.62,2638.29
2/19/2025,185043,5510.82,123200.19,2638.29
2/20/2025,1237792,5470.42,123029.8,2655.75
2/21/2025,328280,5564.47,125023.12,2712.93
2/24/2025,1036793,5598.46,126267.96,2760.65
2/25/2025,2059378,5622.92,127401.58,2809.97
2/26/2025,11607407,5622.92,127401.58,2809.97
2/27/2025,1240149,5647.03,127671.21,2813.64
2/28/2025,462213,5659.76,127820.29,2814.3
3/3/2025,58727,5769.29,129186.98,2814.46
3/4/2025,413108,5909.31,131440.13,2861.3
3/5/2025,446309,6011.41,132707.26,2869.55
3/7/2025,2534799,6037.85,133033.96,2889.14
3/10/2025,324396,6054.8,133236.58,2892.19
3/11/2025,1120141,6062.2,133328.34,2894.64
3/12/2025,557827,6043.39,133094.98,2898.18
3/13/2025,290131,6045.42,133138.12,2901.03
3/14/2025,1092794,6109.28,135095.3,2980.16
3/17/2025,525902,6138.28,135971.5,3005.68
3/18/2025,748650,6154.92,136200.37,3029.04
3/19/2025,303239,6154.92,136200.46,3029.04
3/20/2025,235491,6160.07,136264.32,3036.26
3/21/2025,948776,6180.14,136513.38,3036.85
3/24/2025,5766574,6126.08,135836.09,3035.82
3/25/2025,479987,6063.76,135067.4,3053.11
3/26/2025,1754626,6218.93,136993.79,3060.88
3/27/2025,538819,6230.22,137142.96,3061.77
3/28/2025,3811672,6217.9,136998.73,3059.3
4/2/2025,929077,6041.63,134833.77,3060.11
4/3/2025,1177815,6065.93,135117.04,3063.35
4/4/2025,369955,6097.08,135503.65,3062.13
4/7/2025,853232,6100.08,135523.37,3063.24
4/8/2025,363423,6101.34,135539.05,3063.24
4/9/2025,114794,6099.6,135538.12,3060.79
4/10/2025,670196,6099.6,135568.01,3060.79
4/11/2025,1136677,6100.93,135626.56,3062.66
4/14/2025,313461,6025.4,134694.44,3061.43
4/15/2025,930793,6025.4,134694.44,3061.43
4/16/2025,361099,6041.88,135267.43,3084.57
4/17/2025,348756,6042.29,135263.74,3085.15
4/22/2025,2057097,6052.53,135442.5,3088.89
4/23/2025,4918295,6058.28,135459.73,3092.22
4/24/2025,2414878,6061.59,135484.51,3095.73
4/25/2025,4513283,6061.74,135416.78,3094.5
4/28/2025,885171,6065.1,135623.88,3099.34
4/29/2025,175461,6065.1,135605.03,3099.34
4/30/2025,341936,6095.57,135974.37,3112.17
5/2/2025,1337622,6214.34,137766.84,3129.19
5/5/2025,1262596,6288.99,138685.89,3129.19
5/6/2025,321415,6311.45,138973.23,3130.76
5/7/2025,902741,6396.77,140027.92,3130.76
5/8/2025,1919061,6417.54,140265.82,3138.31
5/9/2025,908816,6418.09,140254.73,3139.08
5/12/2025,519039,6434.63,140460.02,3162.31
5/13/2025,12201149,6455.96,140724.75,3162.31
5/14/2025,1277152,6607.59,142485.1,3166.68
5/15/2025,1480930,6683.53,143422.39,3168.48
5/16/2025,8280309,6707.64,143712.41,3168.48
5/19/2025,796695,6699.04,143605.68,3171.38
5/20/2025,192578,6520.59,141399.63,3175.4
5/21/2025,742531,6433.71,140335.95,3172.95
5/22/2025,378947,6385.3,139693.37,3174.94
5/23/2025,208234,6353.54,139299.17,3175.26
5/26/2025,425087,6344.23,139143.35,3192.14
5/27/2025,336108,6215.71,139143.35,3190.92
5/28/2025,359324,6152.98,136754.04,3192.69
5/29/2025,267335,6175.87,137028.24,3224.83
5/30/2025,416874,6150.31,136545.48,3217.14
6/2/2025,419718,6037.66,134816.47,3222.69
6/3/2025,1927636,6012.29,134170.64,3244.81
6/4/2025,5759793,5989.15,133919.96,3242.25
6/5/2025,3087888,6004.72,134127.13,3244.82
6/9/2025,3803,6004.72,134101.98,3244.82
6/10/2025,294897,6036.32,134522.48,3259.24
6/11/2025,241118,6077.94,135039.14,3287.72
6/12/2025,35759,6072.02,134800.21,3279.22
6/13/2025,2766407,6174.03,136300.96,3287.72
6/16/2025,426187,6227.74,136967.8,3287.72
6/17/2025,3404925,6176.29,136329.03,3290.32
6/18/2025,254134,6230.47,137001.66,3291.93
6/19/2025,1512850,6192.61,136621.02,3313.6
6/20/2025,306660,6210.28,136844.81,3323.44
6/23/2025,2622541,6250.15,137350.53,3347.77
6/24/2025,1466254,6255.41,137379.37,3370.12
6/25/2025,685078,6245.66,137266.71,3371.4
6/26/2025,225170,6245.66,137267.01,3371.4
6/27/2025,786806,6248.48,137302.04,3376.01
6/30/2025,5951598,6248.48,137286.09,3376.01
7/1/2025,1377527,6246.35,137274.68,3373.02
7/2/2025,139394,6246.35,137274.68,3373.02
7/3/2025,247919650,6347.47,138549.16,3405.34
7/7/2025,814668,6416.45,139405.52,3433.84
7/8/2025,159348,6417.58,139411.15,3433.65
7/9/2025,1845988,6411.72,139338.43,3440.39
7/10/2025,399073,6414.88,139377.69,3429.87
7/11/2025,378116,6424.9,139555.47,3428.97
7/14/2025,275496,6435.51,139704.85,3428.97
7/15/2025,1836963,6450.5,139888.64,3432.82
7/16/2025,648291,6448.12,139684.4,3429.04
7/17/2025,151875,6437.46,139221.05,3414.08
7/18/2025,6841615,6386.76,138597.82,3417.71
7/21/2025,6367856,6437.68,139229.98,3414.36
7/22/2025,311618,6436.54,139226.34,3412.75
7/23/2025,569162,6436.54,139206.07,3412.75
7/24/2025,2329191,6555.72,140725.33,3412.13
7/25/2025,25963999,6673.11,142183.93,3412.29
7/28/2025,9418351,6644.69,141831.15,3413.27
7/29/2025,401501,6670.27,142145.93,3424.0
7/30/2025,3877672,6776.09,143459.76,3422.89
7/31/2025,46170889,6992.29,146120.15,3427.06
8/1/2025,960231,6994.45,146129.29,3428.15
8/4/2025,5454545,7005.69,146268.91,3428.53
8/5/2025,1574138,7040.46,146563.21,3417.48
8/6/2025,581013,7162.2,147909.64,3408.78
8/7/2025,662180,7323.35,149913.95,3410.06
8/8/2025,2668056,7386.41,150825.99,3408.78
8/11/2025,7843831,7411.94,151130.83,3414.69
8/12/2025,8706859,7411.94,151130.83,3414.69
8/13/2025,589225,7443.29,151464.28,3414.31
8/14/2025,1037847,7401.5,150945.43,3415.51
8/15/2025,529171,7412.59,151079.89,3416.11
8/18/2025,421632,7416.03,151122.49,3420.93
8/19/2025,840754,7416.16,151096.89,3419.85
8/20/2025,2773854,7303.81,149536.51,3411.35
8/21/2025,8092045,7336.7,149944.85,3411.73
8/22/2025,1004691,7346.69,149903.37,3409.46
8/25/2025,239052,7348.65,149927.67,3409.46
8/26/2025,699169,7335.76,149603.31,3405.89
8/27/2025,407850,7339.02,149677.31,3410.46
8/28/2025,283272,7340.08,149714.6,3411.96
8/29/2025,526041,7330.37,149598.17,3411.96
9/1/2025,547175,7330.37,149616.7,3411.96
9/2/2025,2760765,7310.17,149389.77,3413.16
9/3/2025,4487939,7320.21,149535.33,3442.21
9/4/2025,481172,7321.59,149552.12,3444.14
9/5/2025,8804466,7172.44,147703.09,3444.3
9/8/2025,4414795,7172.44,147703.09,3444.3
9/9/2025,3446051,7172.44,147651.07,3444.3
9/10/2025,409119,7196.64,147976.07,3477.24
9/11/2025,407090,7196.58,147978.35,3477.05
9/12/2025,689448,7269.4,149036.6,3478.32
9/15/2025,355634,7316.08,150278.02,3512.32
9/16/2025,2465715,7465.99,152139.26,3512.32
9/17/2025,4467270,7596.49,153778.63,3518.7
9/18/2025,764492,7672.81,154726.47,3566.05
9/19/2025,746677,7779.15,157370.67,3653.69
9/23/2025,4986838,7800.7,157683.74,3668.97
9/24/2025,745940,7829.09,158036.22,3694.87
9/25/2025,416360,8046.69,160740.92,3738.36
9/26/2025,1502523,8120.0,161818.77,3751.34
9/29/2025,2067185,8161.85,162348.22,3790.98
9/30/2025,1016588,8168.35,162594.44,3799.31
10/1/2025,1151503,8330.55,164608.15,3802.51
10/2/2025,1524933,8365.89,165076.84,3849.0
10/3/2025,962313,8410.56,165631.44,3880.46
10/6/2025,3162937,8422.19,165985.78,3897.28
10/7/2025,9900858,8443.88,166255.12,3927.72
10/8/2025,1521843,8484.39,166731.8,3931.17
10/9/2025,3273970,8497.43,166893.68,3946.29
10/10/2025,285416,8488.81,166737.67,3949.15
10/13/2025,1212993,8481.39,166646.48,3953.57
10/14/2025,1282825,8495.76,166804.69,3959.7
10/15/2025,976196,8501.99,167047.65,3985.27
10/16/2025,898646,8489.75,167180.85,4020.33
10/17/2025,2288487,8495.93,168084.92,4063.62
10/20/2025,220174,8490.2,168016.89,4064.9
10/21/2025,1527471,8468.44,167740.56,4078.42
10/22/2025,920626,8447.64,167208.46,4079.01
10/23/2025,1606700,8378.59,166351.24,4084.15
10/24/2025,878402,8367.12,166522.24,4098.11
10/27/2025,551022,8379.0,166669.7,4113.81
10/28/2025,344020,8351.36,166238.02,4104.87
10/29/2025,8247146,8345.01,166202.58,4139.96
10/30/2025,268624,8341.87,166163.62,4132.9
10/31/2025,1117171,8385.35,166537.93,4193.9
11/3/2025,325340,8369.81,166358.5,4231.85
11/4/2025,506115,8284.0,165412.39,4265.86
11/5/2025,573828,8282.26,165390.82,4263.31
11/6/2025,506700,8227.84,163225.74,4186.82
11/7/2025,3559372,8229.16,163232.44,4188.68
11/10/2025,1277939,8172.3,162526.47,4183.58
11/11/2025,1297447,8170.59,162505.23,4181.18
11/12/2025,435139,8173.66,162545.62,4185.49
11/13/2025,259113,8196.71,162841.1,4186.55
11/14/2025,421111,8411.88,165512.42,4204.23
11/17/2025,1083742,8414.15,165540.66,4207.55
11/18/2025,1758888,8420.94,165624.91,4213.84
11/19/2025,2026747,8423.35,165654.84,4276.91
11/20/2025,1726910,8496.86,166567.43,4332.88
11/21/2025,2488924,8521.02,166867.36,4349.86
11/24/2025,421657,8558.6,167333.98,4417.12
11/25/2025,1416021,8587.31,167690.38,4442.44
11/26/2025,15509624,8610.88,167321.02,4460.55
11/27/2025,826418,8584.17,166161.98,4419.97
11/28/2025,2190754,8610.15,166484.54,4456.43
12/1/2025,1266274,8610.7,166491.36,4457.71
12/2/2025,3766520,8611.87,166505.88,4459.35
12/3/2025,2175865,8599.03,166181.0,4455.41
12/4/2025,1016930,8622.64,166476.01,4487.85
12/8/2025,616052,8630.5,167908.21,4498.66
12/9/2025,10864447,8628.21,167713.86,4495.51
12/10/2025,1578626,8634.75,167796.14,4500.14
12/11/2025,408041,8634.75,167799.06,4500.14
12/12/2025,13086286,8679.19,168501.98,4544.24
12/15/2025,1343262,8678.04,168156.57,4541.69
12/16/2025,4617438,8706.79,168517.89,4562.67
12/17/2025,4833127,8721.73,168694.57,4583.21
12/18/2025,1516630,8745.74,168967.92,4616.2
12/19/2025,1391759,8755.59,171850.61,4642.58
12/22/2025,35335996,8759.11,171865.02,4647.23
12/23/2025,1021934,8751.66,171769.08,4637.38
12/24/2025,802411,8755.97,171858.62,4628.69
12/29/2025,639489,8757.11,171873.27,4629.8
12/30/2025,1458923,8763.68,171957.93,4638.48
12/31/2025,673763,8770.25,172042.59,4647.17
1/2/2026,990663,8770.25,172042.59,4647.17
1/5/2026,1165162,8781.55,172080.77,4648.13
1/6/2026,18531605,8765.44,171707.73,4640.41
1/7/2026,1527479,8797.32,172118.46,4669.3
1/8/2026,3222,8807.5,172249.71,4669.3
1/12/2026,9678947,8828.04,176292.13,4669.3
1/13/2026,1134274,8829.57,176311.82,4671.32
1/14/2026,986600,8832.96,176513.16,4675.8
1/15/2026,3841880,8859.08,176849.74,4683.18
1/16/2026,28554696,8811.11,176231.62,4687.52
1/19/2026,12828074,8811.42,176235.54,4687.52
1/20/2026,2509811,8818.99,176333.08,4697.53
1/21/2026,1142456,8925.23,177867.58,4833.05
1/22/2026,8093638,8969.81,178442.06,4883.32
1/23/2026,8772538,8976.64,178530.09,4892.35
1/26/2026,21903517,8980.95,178490.3,4898.05
1/27/2026,1218540,8984.17,178531.74,4902.54
1/28/2026,30548574,8997.05,178713.7,4919.91
1/29/2026,3602459,9001.57,178771.99,4925.89
1/30/2026,9966771,9006.51,178835.59,4932.42
2/2/2026,1381771,9000.47,178972.08,4924.55
2/3/2026,2399839,9007.04,179269.54,4933.23
2/4/2026,26294499,9023.61,180068.54,4955.15
2/5/2026,35425948,9051.33,180576.48,4991.81
2/6/2026,29084,9152.65,180744.68,5036.96
2/9/2026,10287273,9171.75,181025.67,5050.32
2/10/2026,3601346,9349.89,182737.2,5027.13
2/11/2026,1855120,9446.87,184571.79,5137.24
2/12/2026,11562891,9689.99,188329.4,5326.34
2/13/2026,6762697,10260.79,195887.53,5580.18
2/16/2026,8574992,10530.31,199311.79,5822.99
2/17/2026,2265326,11135.13,207463.59,6001.58
2/18/2026,5336535,11341.56,210309.78,6152.03
2/19/2026,39754317,11384.7,211693.16,6326.64
2/20/2026,3508496,11805.68,217198.55,6561.08
2/23/2026,3885352,12004.09,221528.37,6681.43
2/24/2026,3015234,12176.92,223766.22,6802.65
2/25/2026,4591195,12259.53,225015.45,6981.64
2/26/2026,3931385,12534.31,230249.27,7326.74
2/27/2026,24113422,12869.2,235736.2,7692.88
3/2/2026,4914348,13350.54,244520.93,8068.21
3/3/2026,4918176,13734.54,251022.03,8495.93
3/4/2026,3583308,14005.32,256745.88,8805.87
3/5/2026,15606080,14273.08,262078.11,8951.61
3/9/2026,2291013,14587.17,267449.35,9285.94
3/10/2026,2503371,15185.49,277972.63,9538.68
3/11/2026,4944937,15401.68,282909.83,9759.43
3/12/2026,5104565,15524.99,287827.91,10007.68
3/13/2026,20271692,15611.32,292581.19,10145.3
3/16/2026,1325886,15844.87,299562.43,10354.22
3/17/2026,1378148,15868.11,301858.75,10448.22
3/18/2026,6426176,15908.77,300727.78,10235.57
3/19/2026,36775033,15691.69,293463.36,9844.23
3/24/2026,1754120,15316.66,284824.5,9407.32
3/25/2026,2351584,14440.81,269897.42,9085.45
3/26/2026,55953400,13556.32,255210.43,8641.86
3/27/2026,15018221,12989.79,245614.06,8374.06
3/30/2026,2162178,13095.56,246480.5,8195.07
3/31/2026,6522556,13060.13,243727.5,7986.84
4/1/2026,7158450,12917.08,241718.7,7905.63
4/2/2026,1518627,13040.78,243846.0,7893.58
4/7/2026,2216139,13081.19,244366.68,7931.48
4/8/2026,2529616,13126.11,244945.52,7912.63
4/9/2026,2109831,13106.52,246182.56,7902.15
4/10/2026,1802346,13149.1,247726.23,7946.37
4/13/2026,4517634,13155.48,248258.97,7949.78
4/14/2026,1875940,13270.23,252054.52,8039.92
4/15/2026,1654603,13530.25,256441.22,8046.42
4/16/2026,1441363,13667.02,258865.7,8072.42
4/17/2026,3215320,14024.22,266447.66,8314.05
4/20/2026,4335116,14332.79,272078.88,8520.19
4/21/2026,2764149,14489.62,276085.67,8725.15
4/22/2026,2293142,14762.45,278305.76,8776.81
4/23/2026,1848028,14934.57,280241.71,8887.05
4/24/2026,2313383,14873.11,278983.86,8841.04
4/27/2026,5475820,14854.38,279660.59,8895.94
4/28/2026,972638,14878.21,279770.77,8849.14
4/29/2026,1051216,15098.22,281992.44,8852.8
4/30/2026,4005793,15130.52,281835.29,8839.41
5/4/2026,1526533,15113.9,281363.16,8814.63
5/6/2026,3240100,15053.0,277028.87,8663.51
5/7/2026,1700549,14887.92,275919.26,8474.87
5/8/2026,4058599,14567.57,268907.04,8312.72
5/11/2026,984438,14616.05,268510.45,8240.06
5/12/2026,787950,14520.97,264947.37,8018.32
5/13/2026,1065672,14352.08,264554.19,8049.64
5/14/2026,979394,14332.97,265133.93,8072.33
5/15/2026,1464714,14320.45,264808.19,8068.95
5/18/2026,49032191,14321.7,265323.84,8071.67
5/19/2026,727383,14344.87,264303.56,8019.28
5/20/2026,1182029,14489.47,265371.3,7955.66
5/21/2026,4869431,14489.47,265512.14,7941.28
5/22/2026,2351894,14518.96,264268.45,7881.22
5/25/2026,1015682,14542.48,264742.17,7849.8
5/26/2026,9249010,14379.41,263449.04,7873.87
5/28/2026,4678695,14379.41,263449.04,7873.87
5/29/2026,2586681,14354.14,262937.71,7853.48
6/1/2026,5055847,14402.0,263399.45,7844.76
6/2/2026,3077299,14430.05,264098.11,7872.22
6/3/2026,1359857,14477.4,266208.18,7972.47
6/4/2026,868671,14358.03,266147.71,7929.75
6/5/2026,622825,14299.32,265378.21,7911.44
6/8/2026,971221,14232.99,266153.83,7872.88
6/9/2026,2601532,14278.49,267908.26,7934.08
6/10/2026,5445193,14351.19,270594.99,8018.06
6/11/2026,658224,14398.93,272213.75,8068.7
6/12/2026,8724282,14442.02,275718.44,8227.71
6/15/2026,4274211,14601.6,285472.63,8356.18
6/16/2026,989919,14640.88,286662.82,8396.0
6/17/2026,3484110,14605.55,284698.24,8328.73
6/18/2026,2159332,14708.07,286091.84,8339.09
6/19/2026,2450828,14769.27,288238.91,8395.13
6/22/2026,18813676,14750.69,287658.06,8234.23
6/23/2026,10688300,14867.3,289391.92,8241.91
6/24/2026,3940000,14841.24,289206.92,8233.72
6/25/2026,1981714,14744.72,287914.24,8267.35
6/26/2026,7785511,14766.82,288048.73,8254.88
6/29/2026,3427766,14723.45,287468.14,8268.85
6/30/2026,2173241,14724.26,287481.68,8269.37
7/1/2026,5622889,14577.13,284840.86,8204.42
7/2/2026,2629054,14689.01,285849.24,8207.73
7/6/2026,4981383,14707.14,286098.45,8238.91
7/7/2026,4378343,14712.0,286005.43,8218.45
7/8/2026,4141960,14749.24,286512.93,8239.95
7/9/2026,3664185,14780.79,286778.43,8240.66
7/10/2026,3467885,14805.95,287123.51,8240.66
7/13/2026,14990607,14763.86,286564.03,8263.33
7/14/2026,3792786,14802.7,286764.91,8269.8
7/15/2026,6284653,14857.02,285850.13,8258.22
7/16/2026,2388013,14896.64,284737.54,8181.33
7/17/2026,2782366,14937.92,287570.18,8265.36
7/20/2026,859644,14931.71,287333.35,8257.2
7/21/2026,3833274,15079.27,287753.9,8242.01
7/22/2026,1689558,15118.75,288302.13,8242.01
7/23/2026,1920629,15266.56,290847.82,8227.27
7/24/2026,3210763,15330.57,292058.49,8281.03
7/27/2026,1796257,15388.66,292693.05,8271.11
7/28/2026,2274788,15381.62,292699.48,8267.79
7/29/2026,18390399,15381.05,292556.02,8270.69
7/30/2026,4648735,15453.17,293209.18,8244.81
7/31/2026,2618306,15434.87,292511.66,8238.07
8/3/2026,1432469,15362.52,290609.64,8203.68
8/4/2026,4822009,15386.98,290314.91,8195.58
8/5/2026,2280410,15220.32,284701.17,8051.93
8/6/2026,1483542,15198.53,284391.26,8035.43
8/7/2026,2905344,15187.47,284836.17,8021.23
8/10/2026,2840931,15225.56,286576.45,8073.37
8/11/2026,1817665,15296.06,288593.2,8125.58
8/12/2026,1046642,15275.16,288429.18,8117.46
8/13/2026,2319164,15279.24,288654.78,8120.62
8/14/2026,2035753,15307.71,288904.5,8116.98
8/17/2026,1163283,15202.93,286897.49,8027.06
8/18/2026,4551663,15206.41,287426.38,8025.08
8/19/2026,5943750,15170.27,286759.31,7984.12
8/20/2026,4587025,15065.05,284321.83,7873.99
8/21/2026,1621771,15136.72,286825.39,7925.05
8/24/2026,1035905,15047.54,283748.74,7854.3
8/25/2026,1832274,15021.03,284530.24,7886.58
8/26/2026,1278619,15088.31,284651.59,7873.78
8/27/2026,2889983,14999.64,284499.19,7887.51
8/28/2026,1254306,15020.41,284033.69,7890.64
8/31/2026,1848208,15076.25,285576.7,7904.58
9/1/2026,4487796,14950.61,282593.1,7860.08
9/2/2026,4107315,14886.41,282802.64,7860.66
9/3/2026,3087928,14759.87,280347.14,7836.0
9/4/2026,1495613,14814.08,280527.14,7818.11
9/7/2026,20478649,14781.68,280195.23,7828.03
9/8/2026,1720703,14836.37,280495.44,7881.85
9/9/2026,3644316,14752.21,277201.38,7754.42
9/10/2026,1648722,14689.89,277552.43,7672.44
9/11/2026,7101715,14611.15,276256.31,7607.46
9/14/2026,2144199,14621.4,277185.27,7651.52
9/15/2026,1280301,14353.16,272406.94,7470.47
9/16/2026,1564606,14161.94,267400.43,7389.75
9/17/2026,8111927,14088.52,267067.99,7427.45
9/18/2026,2901726,14309.49,270199.26,7491.59
9/22/2026,1957736,14285.9,270308.38,7476.85
9/23/2026,1522129,14287.14,273001.18,7595.52
9/24/2026,3552994,14215.45,270960.28,7562.01
9/25/2026,18494211,13886.74,266271.76,7562.44
9/28/2026,1172364,14158.56,269234.57,7522.37
9/29/2026,8462676,14117.62,267864.83,7502.73
9/30/2026,5122887,14141.56,270337.56,7554.56
10/1/2026,3034021,14051.2,266641.94,7443.09
10/2/2026,1033099,14071.44,266698.28,7453.25
10/5/2026,3446051,14116.56,269314.87,7520.42
10/6/2026,965122,14221.2,270895.7,7518.39
10/7/2026,13384344,13960.7,267558.97,7521.47
